供货点,产品类型,产品条目,最低店铺等级,商品Tag,基础价格（进货）,,,,,,
人间之里供货,农作物,大豆,1,食材,100,,,,,,
人间之里供货,农作物,大米,1,食材,100,,,,,,
人间之里供货,农作物,小麦,1,食材,100,,,,,,
人间之里供货,农作物,苹果,1,食品,100,,,,,,
人间之里供货,农作物,香蕉,1,食品,100,,,,,,
人间之里供货,农作物,梨,1,食品,100,,,,,,
人间之里供货,农作物,葱,1,厨房材料,100,,,,,,
人间之里供货,农作物,姜,1,厨房材料,100,,,,,,
人间之里供货,农作物,蒜,1,厨房材料,100,,,,,,
人间之里供货,农作物,纳豆,1,食材,100,,,,,,
人间之里供货,农作物,青椒,1,食材,100,,,,,,
人间之里供货,农作物,葡萄,1,食品,100,,,,,,
人间之里供货,农作物,西红柿,1,食材,100,,,,,,
人间之里供货,农作物,红枣,1,食品,100,,,,,,
人间之里供货,农作物,桃子,1,食品,100,,,,,,
人间之里供货,农作物,草莓,1,食品,100,,,,,,
人间之里供货,农作物,玉米,1,食材,100,,,,,,
人间之里供货,农作物,木耳,1,食材,100,,,,,,
人间之里供货,农作物,柿饼,1,食品,100,,,,,,
人间之里供货,农作物,花生,1,食材,100,,,,,,
人间之里供货,农作物,茄子,1,食材,100,,,,,,
人间之里供货,农作物,菠菜,1,食材,100,,,,,,
人间之里供货,农作物,西瓜,1,食品,100,,,,,,
人间之里供货,农作物,哈密瓜,1,食品,100,,,,,,
人间之里供货,农作物,苦瓜,1,食材,100,,,,,,
人间之里供货,农作物,葡萄干,1,食品,100,,,,,,
人间之里供货,农作物,果脯,1,食品,100,,,,,,
人间之里供货,农作物,榴莲,1,食品,100,,,,,,
人间之里供货,农作物,黄瓜,1,食材,100,,,,,,
人间之里供货,农作物,新鲜牛奶,1,食品,100,,,,,,
人间之里供货,农作物,枸杞,1,"厨房材料,药材",100,,,,,,
人间之里供货,农作物,鲜姜,1,厨房材料,100,,,,,,
人间之里供货,农作物,樱桃,1,食品,100,,,,,,
人间之里供货,农作物,糯米,1,食材,100,,,,,,
人间之里供货,农作物,青稞,1,食材,100,,,,,,
人间之里供货,农作物,红薯,1,食材,100,,,,,,
人间之里供货,农作物,茶叶,1,食品,150,,,,,,
人间之里供货,农作物,慧音改良橄榄,1,食材,150,,,,,,
人间之里供货,农作物,大小惊人的蚕豆,1,食材,80,,,,,,
人间之里供货,农作物,长的很快的韭菜,1,食材,100,,,,,,
人间之里供货,农作物,嫦娥改良的胡萝卜,1,食材,150,,,,,,
人间之里供货,农作物,辉针城密植圆形水果,1,食材,80,,,,,,
人间之里供货,农作物,香霖堂腰果,1,食材,100,,,,,,
人间之里供货,农作物,钢盔椰子,1,食品,120,,,,,,
人间之里供货,农作物,防弹核桃,1,食品,120,,,,,,
人间之里供货,农作物,无孔莲藕,1,食材,120,,,,,,
人间之里供货,农作物,红雾大白菜,1,食材,120,,,,,,
人间之里供货,农作物,可食用樱花,1,食材,120,,,,,,
人间之里供货,农作物,人里羊肉,1,食材,80,,,,,,
人间之里供货,农作物,人里牛肉,1,食材,80,,,,,,
人间之里供货,农作物,人里鸡肉,1,食材,50,,,,,,
人间之里供货,农作物,人里风干肠,1,食材,50,,,,,,
人间之里供货,农作物,人里老母鸡蛋,1,食材,20,,,,,,
人间之里供货,农作物,外界来的葵花籽,1,食材,150,,,,,,
人间之里供货,农作物,东人里广植高粱,1,食材,80,,,,,,
人间之里供货,农作物,人里传统咸菜,1,食材,50,,,,,,
人间之里供货,农作物,幽谷子,1,食材,100,,,,,,
人间之里供货,农作物,无烤烟叶,1,厨房材料,120,,,,,,
人间之里供货,农作物,北人里广植白豆,1,食材,80,,,,,,
人间之里供货,农作物,巨麻花椒,1,厨房材料,120,,,,,,
人间之里供货,农作物,满水荔枝,1,食品,120,,,,,,
人间之里供货,农作物,北人里广植包菜,1,食材,80,,,,,,
人间之里供货,农作物,油库里牧草,1,食材,80,,,,,,
人间之里供货,农作物,芦苇之根,1,食材,120,,,,,,
人间之里供货,农作物,命莲寺特产芝麻,1,食材,120,,,,,,
人间之里供货,农作物,金碧辉煌黄花菜,1,食材,120,,,,,,
人间之里供货,农作物,护法棉花,1,制造材料,120,,,,,,
人间之里供货,农作物,西人里广植剑麻,1,制造材料,80,,,,,,
人间之里供货,农作物,甜心莲子,1,食品,120,,,,,,
人间之里供货,农作物,冬季无花果,1,食品,120,,,,,,
人间之里供货,农作物,有顶天特产燕麦,1,食材,120,,,,,,
人间之里供货,原材料,酒糟,1,厨房材料,200,,,,,,
人间之里供货,原材料,酵母,1,厨房材料,200,,,,,,
人间之里供货,原材料,酱油,1,厨房材料,200,,,,,,
人间之里供货,原材料,味增,1,厨房材料,200,,,,,,
人间之里供货,原材料,花生油,1,厨房材料,200,,,,,,
人间之里供货,原材料,醋,1,厨房材料,200,,,,,,
人间之里供货,原材料,盐,1,厨房材料,200,,,,,,
人间之里供货,原材料,白砂糖,1,厨房材料,200,,,,,,
人间之里供货,原材料,冰糖,1,厨房材料,200,,,,,,
人间之里供货,原材料,麦芽糖,1,厨房材料,200,,,,,,
人间之里供货,原材料,面粉,1,厨房材料,200,,,,,,
人间之里供货,原材料,毛玉绒毛,1,制造材料,120,,,,,,
人间之里供货,原材料,木柴,1,制造材料,80,,,,,,
人间之里供货,原材料,果酱,1,厨房材料,200,,,,,,
人间之里供货,原材料,沙拉酱,1,厨房材料,200,,,,,,
人间之里供货,原材料,布料,1,制造材料,200,,,,,,
人间之里供货,原材料,蚕丝,1,制造材料,200,,,,,,
人间之里供货,原材料,黑色的鸟毛,1,制造材料,120,,,,,,
人间之里供货,原材料,秋静叶糯米粉,1,厨房材料,200,,,,,,
人间之里供货,原材料,秋瓤子白薯粉,1,厨房材料,200,,,,,,
人间之里供货,原材料,玉米粉,1,厨房材料,200,,,,,,
人间之里供货,原材料,人里羊毛,1,制造材料,200,,,,,,
人间之里供货,原材料,莉莉白遗留花瓣,1,制造材料,2000,,,,,,
人间之里供货,原材料,神灵庙桃木,1,制造材料,500,,,,,,
人间之里供货,原材料,命莲寺香木,1,制造材料,500,,,,,,
人间之里供货,原材料,蒲扇叶子,1,制造材料,200,,,,,,
人间之里供货,原材料,墙根浮土,1,制造材料,50,,,,,,
人间之里供货,原材料,百家布,1,制造材料,80,,,,,,
人间之里供货,原材料,人里棉纱,1,制造材料,200,,,,,,
人间之里供货,原材料,人里奶油,1,厨房材料,200,,,,,,
人间之里供货,原材料,可可豆,1,厨房材料,200,,,,,,
人间之里供货,原材料,炼乳,1,厨房材料,200,,,,,,
人间之里供货,原材料,黄油,1,厨房材料,200,,,,,,
人间之里供货,原材料,面包糠,1,厨房材料,120,,,,,,
人间之里供货,原材料,毛玉兽皮,1,制造材料,200,,,,,,
人间之里供货,原材料,油库里兽皮,1,制造材料,200,,,,,,
人间之里供货,原材料,野兽饰品,1,制造材料,200,,,,,,
人间之里供货,原材料,不知道是什么东西的兽皮,1,制造材料,120,,,,,,
人间之里供货,原材料,天然蜂蜜,1,厨房材料,200,,,,,,
人间之里供货,原材料,香米虫胶,1,制造材料,300,,,,,,
人间之里供货,原材料,咕咕咕的羽毛,1,制造材料,400,,,,,,
人间之里供货,原材料,甲鱼的壳,1,制造材料,250,,,,,,
人间之里供货,原材料,天狗软毛,1,制造材料,1000,,,,,,
人间之里供货,原材料,白玉楼西行妖花瓣,1,制造材料,1000,,,,,,
人间之里供货,日用品,浮世绘,2,家用摆件,500,,,,,,
人间之里供货,日用品,团扇,2,实用百货,40,,,,,,
人间之里供货,日用品,折扇,2,实用百货,60,,,,,,
人间之里供货,日用品,发簪,2,实用百货,120,,,,,,
人间之里供货,日用品,针线盒,2,实用百货,150,,,,,,
人间之里供货,日用品,茶具,2,实用百货,200,,,,,,
人间之里供货,日用品,杯具,2,实用百货,200,,,,,,
人间之里供货,日用品,洗具,2,实用百货,200,,,,,,
人间之里供货,日用品,白纸,2,"实用百货,文具",20,,,,,,
人间之里供货,日用品,书写用品,2,"实用百货,文具",20,,,,,,
人间之里供货,日用品,草帽,2,农用装备,10,,,,,,
人间之里供货,日用品,肥皂,2,实用百货,5,,,,,,
人间之里供货,日用品,麻绳,2,实用百货,5,,,,,,
人间之里供货,日用品,镜子,2,实用百货,50,,,,,,
人间之里供货,日用品,颜料,2,实用百货,60,,,,,,
人间之里供货,日用品,胭脂,2,实用百货,150,,,,,,
人间之里供货,日用品,水粉,2,实用百货,120,,,,,,
人间之里供货,日用品,罪袋,2,实用百货,1,,,,,,
人间之里供货,日用品,雨伞,2,实用百货,100,,,,,,
人间之里供货,日用品,个人取暖用八卦炉,2,实用百货,1500,,,,,,
人间之里供货,日用品,罐装萤火虫提灯,2,实用百货,500,,,,,,
人间之里供货,日用品,木头边框眼镜,2,实用百货,180,,,,,,
人间之里供货,日用品,祈福木签,2,实用百货,200,,,,,,
人间之里供货,日用品,稗田氏改良织布机,2,工具,2000,,,,,,
人间之里供货,日用品,家庭烧水用八卦炉,2,实用百货,1000,,,,,,
人间之里供货,日用品,解暑用白玉楼罐装幽灵,2,实用百货,1500,,,,,,
人间之里供货,工具,铲子,3,农具,300,,,,,,
人间之里供货,工具,斧子,3,农具,500,,,,,,
人间之里供货,工具,锄子,3,农具,250,,,,,,
人间之里供货,工具,叉子,3,农具,200,,,,,,
人间之里供货,工具,锤子,3,农具,150,,,,,,
人间之里供货,工具,钓鱼用具,3,农具,400,,,,,,
人间之里供货,工具,皮鞭,3,实用百货,300,,,,,,
人间之里供货,工具,蜡烛,3,实用百货,20,,,,,,
人间之里供货,工具,铜炼门锁,3,实用百货,200,,,,,,
人间之里供货,工具,仿外界制切菜刀,3,实用百货,300,,,,,,
人间之里供货,工具,渔夫的叉鱼鱼叉,3,农具,500,,,,,,
人间之里供货,工艺品,风筝,4,玩具,300,,,,,,
人间之里供货,工艺品,笛子,4,玩具,300,,,,,,
人间之里供货,工艺品,木琴,4,玩具,500,,,,,,
人间之里供货,工艺品,面具,4,玩具,100,,,,,,
人间之里供货,工艺品,小风车,4,玩具,50,,,,,,
人间之里供货,工艺品,泥人雕塑,4,家用摆件,500,,,,,,
人间之里供货,工艺品,人里彩绘,4,家用摆件,500,,,,,,
人间之里供货,工艺品,天狗假面,4,玩具,600,,,,,,
人间之里供货,工艺品,博丽款蝴蝶结,4,玩具,2000,,,,,,
人间之里供货,工艺品,守矢蛙饰,4,玩具,1600,,,,,,
人间之里供货,工艺品,香霖堂的水晶球,4,家用摆件,1500,,,,,,
人间之里供货,工艺品,超女子力头绳,4,玩具,1000,,,,,,
人间之里供货,工艺品,绯想天则模型,4,"玩具,家用摆件",1500,,,,,,
人间之里供货,工艺品,小型佛像,4,家用摆件,800,,,,,,
人间之里供货,工艺品,河道珍珠,4,高级工艺品,2000,,,,,,
人间之里供货,食品,苹果糖,5,零食,50,,,,,,
人间之里供货,食品,青蛙硬糖,5,零食,60,,,,,,
人间之里供货,食品,十三串粒糖葫芦,5,零食,100,,,,,,
人间之里供货,食品,慧音改良寿司,5,食品,200,,,,,,
人间之里供货,食品,粉色年糕,5,食品,120,,,,,,
人间之里供货,食品,日式拉面,5,食品,150,,,,,,
人间之里供货,食品,坚硬的巧克力,5,零食,80,,,,,,
人间之里供货,食品,新鲜酸奶,5,零食,200,,,,,,
人间之里供货,食品,仿作沙拉,5,食品,150,,,,,,
人间之里供货,食品,传统蛋卷,5,食品,120,,,,,,
人间之里供货,食品,加糖面包,5,零食,100,,,,,,
人间之里供货,食品,日本馒头,5,食品,100,,,,,,
人间之里供货,食品,外卖鳗鱼饭,5,食品,250,,,,,,
人间之里供货,食品,夜宵天妇罗,5,食品,250,,,,,,
人间之里供货,食品,香霖混合果汁,5,零食,350,,,,,,
人间之里供货,食品,早苗手作月饼,5,零食,350,,,,,,
人间之里供货,食品,白玉楼樱花糕点,5,零食,400,,,,,,
人间之里供货,食品,命莲寺的香火糖,5,零食,300,,,,,,
人间之里供货,衣服,草鞋,6,"农用装备,武装装备",100,,,,,,
人间之里供货,衣服,不漏腋巫女服,6,"衣服,职业装束",800,,,,,,
人间之里供货,衣服,蓝色风祝服,6,"衣服,职业装束",750,,,,,,
人间之里供货,衣服,灯笼裤,6,衣服,250,,,,,,
人间之里供货,衣服,ZUN帽,6,衣服,1000,,,,,,
人间之里供货,衣服,超王道蓝白胖次,6,衣服,1000,,,,,,
人间之里供货,衣服,竹线布料和服,6,衣服,500,,,,,,
人间之里供货,衣服,标准型水手服,6,衣服,700,,,,,,
人间之里供货,衣服,马仔裤,6,衣服,450,,,,,,
人间之里供货,衣服,免洗武士服,6,"衣服,职业装束",600,,,,,,
人间之里供货,衣服,命莲寺道袍,6,"衣服,职业装束",250,,,,,,
人间之里供货,衣服,神灵庙道袍,6,"衣服,职业装束",300,,,,,,
人间之里供货,衣服,寺子屋学生小黄帽,6,衣服,200,,,,,,
人间之里供货,衣服,大红新年棉袄,6,衣服,1000,,,,,,
人间之里供货,衣服,桃木木屐,6,衣服,200,,,,,,
人间之里供货,衣服,白色棉袜,6,衣服,100,,,,,,
人间之里供货,衣服,黑白格百褶裙,6,衣服,500,,,,,,
人间之里供货,衣服,过膝袜,6,衣服,300,,,,,,
人间之里供货,衣服,唐装,6,衣服,500,,,,,,
人间之里供货,衣服,汉服,6,衣服,500,,,,,,
人间之里供货,衣服,披风,6,武装装备,150,,,,,,
人间之里供货,衣服,斗篷,6,"农用装备,武装装备",250,,,,,,
人间之里供货,衣服,卫衣,6,衣服,400,,,,,,
人间之里供货,衣服,羽绒服,6,衣服,900,,,,,,
人间之里供货,衣服,冲锋衣,6,衣服,350,,,,,,
人间之里供货,衣服,秦心假面,6,"衣服,魔法道具",600,,,,,,
人间之里供货,衣服,白色浴衣,6,衣服,150,,,,,,
人间之里供货,衣服,小人套装,6,衣服,300,,,,,,
人间之里供货,衣服,丝绸和服,6,衣服,1000,,,,,,
人间之里供货,衣服,熊熊人套装,6,衣服,800,,,,,,
人间之里供货,衣服,T恤,6,衣服,120,,,,,,
人间之里供货,衣服,露脐水手服,6,衣服,700,,,,,,
人间之里供货,装备,顺手的木棍,7,武器,50,,,,,,
人间之里供货,装备,胁差,7,武器,1500,,,,,,
人间之里供货,装备,太刀,7,武器,2500,,,,,,
人间之里供货,装备,S刀,7,武器,3000,,,,,,
人间之里供货,装备,竹枪,7,武器,600,,,,,,
人间之里供货,装备,手里剑,7,武器,1000,,,,,,
人间之里供货,装备,逆刃刀,7,武器,2250,,,,,,
人间之里供货,装备,封魔针,7,"武器,魔法道具",1250,,,,,,
人间之里供货,装备,破魔弓,7,"武器,魔法道具",1750,,,,,,
人间之里供货,装备,阴阳玉,7,"武器,魔法道具",2000,,,,,,
人间之里供货,装备,人里匠工锁甲,7,武装装备,4000,,,,,,
人间之里供货,装备,圣白莲的镇魔经卷,7,魔法道具,10000,,,,,,
人间之里供货,药品,祛火茶,8,药品,300,,,,,,
人间之里供货,药品,止血草药,8,药品,500,,,,,,
人间之里供货,药品,静心清脑汤,8,药品,400,,,,,,
迷途竹林供货,农作物,竹笋,1,食材,100,,,,,,
迷途竹林供货,农作物,大青叶,1,食材,100,,,,,,
迷途竹林供货,农作物,山药,1,食材,150,,,,,,
迷途竹林供货,农作物,金银花,1,药材,150,,,,,,
迷途竹林供货,农作物,竹之花,1,药材,150,,,,,,
迷途竹林供货,农作物,五叶幸运草,1,药材,300,,,,,,
迷途竹林供货,农作物,茉莉花茶,1,药材,250,,,,,,
迷途竹林供货,农作物,蓬莱秘植甘蔗,1,食材,300,,,,,,
迷途竹林供货,农作物,雨后青笋,1,食材,250,,,,,,
迷途竹林供货,农作物,迷途者的不知名食物,1,食品,200,,,,,,
迷途竹林供货,农作物,无毒铃兰,1,药材,300,,,,,,
迷途竹林供货,农作物,诱音铃兰,1,药材,300,,,,,,
迷途竹林供货,农作物,指路草,1,药材,200,,,,,,
迷途竹林供货,原材料,实体月光,1,特殊材料,500,,,,,,
迷途竹林供货,衣服,因幡白衣,6,衣服,500,,,,,,
迷途竹林供货,衣服,丝绸华服,6,衣服,1500,,,,,,
迷途竹林供货,衣服,月都女款西服,6,"衣服,职业装束",2000,,,,,,
迷途竹林供货,衣服,月都优雅短裙,6,"衣服,职业装束",500,,,,,,
迷途竹林供货,衣服,医师白袍,6,"衣服,职业装束",1200,,,,,,
迷途竹林供货,装备,竹弓,7,武器,1600,,,,,,
红魔馆供货,农作物,妖精晨露,1,药材,150,,,,,,
红魔馆供货,农作物,深湖天然水,1,药材,100,,,,,,
红魔馆供货,农作物,红魔馆的紫罗兰,1,"药材,家用摆件",300,,,,,,
红魔馆供货,农作物,红魔馆的昙花,1,"药材,家用摆件",300,,,,,,
红魔馆供货,农作物,红魔馆的百合花,1,"药材,家用摆件",300,,,,,,
红魔馆供货,农作物,红魔馆的风信子,1,"药材,家用摆件",300,,,,,,
红魔馆供货,农作物,红魔馆的蓝玫瑰,1,"药材,家用摆件",300,,,,,,
红魔馆供货,农作物,红雾郁金香,1,"药材,家用摆件",300,,,,,,
红魔馆供货,原材料,帕秋莉秘制魔法石,1,特殊材料,3000,,,,,,
红魔馆供货,原材料,红月宝石,1,特殊材料,1200,,,,,,
红魔馆供货,原材料,冈格尼尔幻象碎片,1,特殊材料,800,,,,,,
红魔馆供货,原材料,妖精之泪,1,特殊材料,600,,,,,,
红魔馆供货,日用品,高级餐具,2,实用百货,500,,,,,,
红魔馆供货,日用品,精致的遮阳伞,2,实用百货,600,,,,,,
红魔馆供货,日用品,高档的红茶,2,"食品,高档食品",800,,,,,,
红魔馆供货,日用品,精巧的小型家具,2,实用百货,500,,,,,,
红魔馆供货,日用品,多功能女仆飞刀,2,实用百货,600,,,,,,
红魔馆供货,食品,高级的提拉米苏,5,"零食,食品,高档食品",400,,,,,,
红魔馆供货,食品,十四格拐杖糖,5,"零食,食品,高档食品",350,,,,,,
红魔馆供货,食品,D夜秘制布丁,5,"零食,食品,高档食品",500,,,,,,
红魔馆供货,食品,芙兰暴走太妃糖,5,"零食,食品,高档食品",400,,,,,,
红魔馆供货,衣服,妖精女仆装,6,"衣服,高档用品",800,,,,,,
红魔馆供货,衣服,领结女仆装,6,"衣服,高档用品",800,,,,,,
红魔馆供货,衣服,白色丝袜,6,衣服,200,,,,,,
红魔馆供货,衣服,黑色丝袜,6,衣服,200,,,,,,
红魔馆供货,衣服,裤袜,6,衣服,300,,,,,,
红魔馆供货,衣服,高跟鞋,6,衣服,500,,,,,,
红魔馆供货,衣服,华贵的晚礼服,6,"衣服,高档用品",2500,,,,,,
红魔馆供货,衣服,大小姐的豪华洋装,6,"衣服,高档用品",5000,,,,,,
红魔馆供货,衣服,妖精洋装,6,"衣服,高档用品",1500,,,,,,
红魔馆供货,装备,量产型仿制冈格尼尔,7,"武器,高档用品,魔法道具",6000,,,,,,
红魔馆供货,装备,量产型仿制雷万汀,7,"武器,高档用品,魔法道具",6000,,,,,,
红魔馆供货,装备,妖精灵剑,7,"武器,高档用品,魔法道具",5000,,,,,,
魔法森林供货,农作物,金针菇,1,食材,100,,,,,,
魔法森林供货,农作物,肉蘑菇,1,食材,120,,,,,,
魔法森林供货,农作物,毒蘑菇,1,药材,300,,,,,,
魔法森林供货,农作物,五彩斑斓的蘑菇,1,药材,250,,,,,,
魔法森林供货,农作物,奇怪的草药,1,药材,100,,,,,,
魔法森林供货,农作物,一见倾心蘑菇,1,药材,500,,,,,,
魔法森林供货,农作物,食人花,1,药材,600,,,,,,
魔法森林供货,农作物,愤怒蘑菇,1,药材,400,,,,,,
魔法森林供货,农作物,药用剧毒蘑菇,1,药材,600,,,,,,
魔法森林供货,农作物,鸡腿蘑菇,1,药材,150,,,,,,
魔法森林供货,农作物,改良型食用草菇,1,食材,200,,,,,,
魔法森林供货,原材料,爱丽丝的魔法丝线,1,"制造材料,特殊材料",200,,,,,,
魔法森林供货,原材料,药用蘑菇,1,药材,300,,,,,,
魔法森林供货,原材料,月光草,1,药材,150,,,,,,
魔法森林供货,原材料,爱丽丝的魔法布料,1,"制造材料,特殊材料",400,,,,,,
魔法森林供货,原材料,易爆蘑菇,1,药材,600,,,,,,
魔法森林供货,原材料,透明蘑菇,1,药材,200,,,,,,
魔法森林供货,工具,农民开荒用四尺魔法炸弹,3,"农用装备,魔法道具",1500,,,,,,
魔法森林供货,工具,农民施肥用蘑菇瘴气炸弹,3,"农用装备,魔法道具",1200,,,,,,
魔法森林供货,工艺品,爱丽丝通用型人偶,4,"实用百货,魔法道具",1500,,,,,,
魔法森林供货,工艺品,爱丽丝精制人偶,4,"实用百货,魔法道具",2500,,,,,,
魔法森林供货,食品,秘制九色蘑菇蒸糕,5,食品,500,,,,,,
魔法森林供货,装备,量产型八卦炉,7,"实用百货,魔法道具",2500,,,,,,
魔法森林供货,装备,魔法使扫把,7,"实用百货,魔法道具",2000,,,,,,
雾之湖供货,农作物,鲫鱼,1,食材,100,,,,,,
雾之湖供货,农作物,草鱼,1,食材,100,,,,,,
雾之湖供货,农作物,鲢鱼,1,食材,100,,,,,,
雾之湖供货,农作物,小龙虾,1,食材,50,,,,,,
雾之湖供货,农作物,冰冻青蛙,1,食材,0,,,,,,
雾之湖供货,农作物,章鱼,1,食材,150,,,,,,
雾之湖供货,农作物,鱿鱼,1,食材,150,,,,,,
雾之湖供货,农作物,大黄鱼,1,食材,100,,,,,,
雾之湖供货,农作物,黄鳝,1,食材,100,,,,,,
雾之湖供货,农作物,河蟹,1,食材,200,,,,,,
雾之湖供货,农作物,秋刀鱼,1,食材,200,,,,,,
雾之湖供货,农作物,土鳖,1,食材,150,,,,,,
雾之湖供货,农作物,油库里鱼,1,食材,100,,,,,,
雾之湖供货,农作物,大青花鱼,1,食材,200,,,,,,
雾之湖供货,农作物,鳙鱼,1,食材,200,,,,,,
雾之湖供货,农作物,螺蛳,1,食材,100,,,,,,
雾之湖供货,农作物,蚌,1,食材,100,,,,,,
雾之湖供货,农作物,冰冻的金枪鱼,1,食材,200,,,,,,
雾之湖供货,农作物,冰冻的带鱼,1,食材,200,,,,,,
雾之湖供货,农作物,金龙鱼,1,食材,200,,,,,,
雾之湖供货,农作物,水蛇,1,食材,200,,,,,,
雾之湖供货,农作物,泥鳅,1,食材,100,,,,,,
雾之湖供货,农作物,冷库石斑鱼,1,食材,100,,,,,,
雾之湖供货,农作物,冰冻的水母,1,食材,100,,,,,,
雾之湖供货,农作物,七鳃鳗,1,食材,100,,,,,,
雾之湖供货,农作物,肥美藤壶,1,食材,50,,,,,,
雾之湖供货,农作物,深海珊瑚,1,食材,200,,,,,,
雾之湖供货,农作物,龙宫海星,1,食材,250,,,,,,
雾之湖供货,农作物,积雨云飞鱼,1,食材,250,,,,,,
雾之湖供货,农作物,有顶天鲶鱼,1,食材,300,,,,,,
雾之湖供货,农作物,雷电龙虾,1,食材,300,,,,,,
雾之湖供货,农作物,地震鱼,1,食材,350,,,,,,
雾之湖供货,农作物,冰冻沙丁鱼,1,食材,200,,,,,,
雾之湖供货,农作物,冰冻银枪鱼,1,食材,200,,,,,,
雾之湖供货,农作物,寄居蟹,1,食材,100,,,,,,
雾之湖供货,农作物,海蟹,1,食材,150,,,,,,
雾之湖供货,农作物,冰冻的安康鱼,1,食材,200,,,,,,
雾之湖供货,农作物,龙宫海龟,1,食材,300,,,,,,
雾之湖供货,农作物,告春鱼,1,食材,250,,,,,,
雾之湖供货,农作物,随机打捞到的的漂流瓶,1,,50,,,,,,
雾之湖供货,农作物,冰冻妖精,1,,500,,,,,,
三途川供货,农作物,死神钓鱼,1,,200,,,,,,
三途川供货,农作物,来路不明的鱼肉,1,食材,100,,,,,,
三途川供货,农作物,食人鱼,1,食材,300,,,,,,
三途川供货,农作物,幽灵鱼,1,食材,400,,,,,,
三途川供货,农作物,海盗鱼,1,食材,350,,,,,,
三途川供货,农作物,7秒记忆的河道鲨鱼,1,食材,600,,,,,,
三途川供货,农作物,悼亡鸣鱼,1,食材,400,,,,,,
太阳花田供货,农作物,完整而精致的太阳花盆栽,1,家用摆件,500,,,,,,
采石场供货,农作物,来路不明的巨大蜘蛛腿,1,特殊材料,200,,,,,,
采石场供货,农作物,可疑的燃烧肉块,1,特殊材料,200,,,,,,
采石场供货,原材料,铁矿石,1,制造材料,50,,,,,,
采石场供货,原材料,铜矿石,1,制造材料,120,,,,,,
采石场供货,原材料,银矿石,1,制造材料,300,,,,,,
采石场供货,原材料,磷火石,1,制造材料,250,,,,,,
采石场供货,原材料,砖块,1,制造材料,5,,,,,,
采石场供货,原材料,大理石,1,制造材料,20,,,,,,
采石场供货,原材料,温泉石,1,制造材料,50,,,,,,
采石场供货,原材料,核燃料,1,制造材料,500,,,,,,
采石场供货,原材料,来自地下的黑色的油,1,制造材料,400,,,,,,
采石场供货,原材料,北百合改良型水泥,1,制造材料,80,,,,,,
采石场供货,工艺品,夜明珠,4,高级工艺品,3000,,,,,,
采石场供货,工艺品,星光宝石,4,高级工艺品,2500,,,,,,
采石场供货,工艺品,玲珑剔透的石英,4,高级工艺品,1500,,,,,,
采石场供货,工艺品,酒石,4,高级工艺品,4500,,,,,,
采石场供货,工艺品,读心石,4,高级工艺品,6000,,,,,,
采石场供货,工艺品,金刚石,4,高级工艺品,5000,,,,,,
采石场供货,装备,鬼王拳套,7,"魔法道具,武器",7500,,,,,,
采石场供货,装备,星幽铸剑,7,"魔法道具,武器",9000,,,,,,
采石场供货,装备,碎月锤,7,"魔法道具,武器",9500,,,,,,
采石场供货,装备,核子动力臂铠,7,"魔法道具,武器",12000,,,,,,
河童供货,原材料,齿轮原件,1,制造材料,100,,,,,,
河童供货,原材料,铅块,1,制造材料,150,,,,,,
河童供货,原材料,锡纸,1,制造材料,50,,,,,,
河童供货,原材料,通用零件,1,制造材料,200,,,,,,
河童供货,原材料,铁块,1,制造材料,300,,,,,,
河童供货,原材料,玻璃,1,制造材料,100,,,,,,
河童供货,原材料,铜块,1,制造材料,500,,,,,,
河童供货,原材料,银块,1,制造材料,1000,,,,,,
河童供货,原材料,持久不化的冰块,1,特殊材料,500,,,,,,
河童供货,原材料,完整的蕾蒂雪花,1,特殊材料,450,,,,,,
河童供货,原材料,河童工业实验室玻璃,1,制造材料,400,,,,,,
河童供货,原材料,石棉,1,制造材料,200,,,,,,
河童供货,日用品,玄武川滋水枪,2,玩具,150,,,,,,
河童供货,日用品,荧光棒,2,玩具,100,,,,,,
河童供货,日用品,天狗玩具照相机,2,玩具,300,,,,,,
河童供货,日用品,河童打字机,2,文具,400,,,,,,
河童供货,日用品,便携的印刷机,2,文具,500,,,,,,
河童供货,日用品,易擦易写的记事本,2,"实用百货,文具",150,,,,,,
河童供货,日用品,河童制低音炮,2,实用百货,300,,,,,,
河童供货,日用品,录音锤,2,实用百货,200,,,,,,
河童供货,日用品,两轴三轮人力车,2,实用百货,1000,,,,,,
河童供货,日用品,河童制式扩音器,2,实用百货,250,,,,,,
河童供货,日用品,河童特制强力胶水,2,实用百货,100,,,,,,
河童供货,工具,扳手,3,工具,50,,,,,,
河童供货,工具,钳子,3,工具,40,,,,,,
河童供货,工具,起子,3,工具,30,,,,,,
河童供货,工具,螺丝,3,工具,10,,,,,,
河童供货,工具,锯子,3,工具,80,,,,,,
河童供货,工具,木桶,3,工具,120,,,,,,
河童供货,工具,安全帽,3,工具,150,,,,,,
河童供货,工具,手电筒,3,工具,100,,,,,,
河童供货,工具,皮手套,3,"农用装备,武装装备",120,,,,,,
河童供货,工具,望远镜,3,工具,150,,,,,,
河童供货,工具,河童防火雨衣,3,"农用装备,武装装备",300,,,,,,
河童供货,工具,昂贵的文文新闻社单反相机,3,"高档用品,高科技产品",1500,,,,,,
河童供货,工具,河童简化显微镜,3,"高档用品,高科技产品",600,,,,,,
河童供货,工艺品,游戏光碟《随便扭扭就可以通关的弹幕游戏》,4,"玩具,高科技产品",500,,,,,,
河童供货,工艺品,河童掌上游戏机,4,"玩具,高科技产品",2500,,,,,,
河童供货,食品,铁罐黑色汽水,5,零食,200,,,,,,
河童供货,食品,铁罐橙色汽水,5,零食,200,,,,,,
河童供货,食品,铁罐无色汽水,5,零食,200,,,,,,
河童供货,衣服,河童工服,6,职业装束,500,,,,,,
河童供货,衣服,山佬麻衣,6,职业装束,400,,,,,,
河童供货,衣服,天狗白衣,6,职业装束,800,,,,,,
河童供货,装备,河童制式军刀,7,武器,1000,,,,,,
河童供货,装备,河童精工步枪,7,"武器,高科技产品",6000,,,,,,
河童供货,装备,河童精工外骨骼套装,7,"武装装备,高档用品,高科技产品",10000,,,,,,
河童供货,装备,河童人工学迷彩服,7,"武装装备,高档用品,高科技产品",5000,,,,,,
河童供货,装备,仿制型风神扇,7,"高档用品,魔法道具",2000,,,,,,
河童供货,装备,天狗戊卫长刀,7,武器,3500,,,,,,
河童供货,装备,天狗戊卫手盾,7,武器,2500,,,,,,
河童供货,装备,天狗戊卫甲衣,7,武器,8000,,,,,,
河童供货,装备,河童高科技实验型激光剑,7,"武器,高科技产品",8500,,,,,,
妹红供货,原材料,煤炭,1,实用百货,100,,,,,,
妹红供货,原材料,木炭,1,实用百货,80,,,,,,
妹红供货,原材料,原木,1,实用百货,50,,,,,,
妹红供货,原材料,打火石,1,实用百货,100,,,,,,
妹红供货,原材料,蜂窝煤,1,实用百货,200,,,,,,
妹红供货,原材料,耐烧的不死鸟石头,1,特殊材料,500,,,,,,
妹红供货,原材料,瓶装凤凰羽毛,1,特殊材料,500,,,,,,
妹红供货,原材料,不死者之血,1,特殊材料,800,,,,,,
妹红供货,日用品,爆竹,2,玩具,200,,,,,,
妹红供货,日用品,手持花火,2,玩具,150,,,,,,
妹红供货,日用品,慧音改良大型烟花,2,玩具,300,,,,,,
妹红供货,日用品,照明弹,2,实用百货,500,,,,,,
月都供货,工艺品,蓬莱山辉夜的手办,4,玩具,1500,,,,,,
月都供货,工艺品,不知名的各种外界少女手办,4,玩具,800,,,,,,
月都供货,工艺品,知名的各种外界猛男手办,4,玩具,600,,,,,,
月都供货,工艺品,月都产电子游戏机,4,玩具,2000,,,,,,
永远亭药业,药品,全效能抗生素,8,"药品,高科技产品",5500,,,,,,
永远亭药业,药品,全效能疫苗,8,"药品,高科技产品",8000,,,,,,
永远亭药业,药品,量产型生命药水,8,"药品,高科技产品",2000,,,,,,
永远亭药业,药品,量产型法力药水,8,"药品,高科技产品",2500,,,,,,
永远亭药业,药品,蓬莱圣愈药水,8,"药品,高科技产品",8000,,,,,,
永远亭药业,药品,干细胞再生口服片剂,8,"药品,高科技产品",15000,,,,,,
永远亭药业,药品,绀珠秘药,8,"药品,高科技产品",25000,,,,,,
永远亭药业,药品,筋力增长胶囊,8,"药品,高科技产品",3000,,,,,,
永远亭药业,药品,法力增长胶囊,8,"药品,高科技产品",3500,,,,,,
永远亭药业,药品,超人口服液,8,"药品,高科技产品",7500,,,,,,
永远亭药业,药品,短时效型蓬莱秘药,8,"药品,高科技产品",10000,,,,,,
其他,艺术品,芙兰朵露残翼宝石,9,高级工艺品,15000,,,,,,
其他,艺术品,诹访铁环,9,高级工艺品,8000,,,,,,
其他,艺术品,辉夜姬月光羽衣,9,高级工艺品,20000,,,,,,
其他,艺术品,辉夜姬月光宝饰,9,高级工艺品,10000,,,,,,
其他,艺术品,紧闭的恋之瞳泪珠,9,高级工艺品,6000,,,,,,
其他,艺术品,天衣无缝的亡灵和服,9,高级工艺品,15000,,,,,,
其他,艺术品,初代博丽御币,9,高级工艺品,16000,,,,,,
其他,艺术品,境界妖怪的华扇,9,高级工艺品,12000,,,,,,
其他,书籍,《核聚变烹饪食谱》,1,书,500,,,,,,
其他,书籍,《妖精医疗手册》,1,书,800,,,,,,
其他,书籍,《河童低达机动战士》,1,书,200,,,,,,
其他,书籍,《幻想乡刀剑知识》,1,书,500,,,,,,
其他,书籍,《魔炮使用者的自我修养》,1,书,1000,,,,,,
其他,书籍,《边吃边走幻想乡美食行记――西行寺幽幽子》,1,书,400,,,,,,
其他,书籍,《普通人也能学会！常见的辟邪方法――东风谷早苗》,1,书,800,,,,,,
其他,书籍,《慈悲的南无三――向圣白莲学习为人处世》,1,书,500,,,,,,
其他,书籍,来路不明的秘藏的妖怪书,1,书,2000,,,,,,
其他,书籍,《巫女偶像写真》,1,书,1200,,,,,,
其他,书籍,《大侦探鬼人正邪》,1,书,300,,,,,,
其他,书籍,《斯卡雷特的财富秘笈》,1,书,800,,,,,,
其他,书籍,来路不明的印字残片,1,书,120,,,,,,
其他,书籍,来路不明的损毁的书页,1,书,80,,,,,,
其他,书籍,来路不明的古老书籍,1,书,1000,,,,,,
其他,书籍,《河童技术周刊》,1,书,300,,,,,,
其他,书籍,《幻想乡花肥简史》,1,书,400,,,,,,
其他,书籍,《河童机械论-高级》,1,书,1000,,,,,,
其他,书籍,《东方香霖堂》,1,书,300,,,,,,
其他,书籍,《东方月抄》,1,书,350,,,,,,
其他,书籍,《河童机械论-中级》,1,书,800,,,,,,
其他,书籍,《文文。新闻》,1,书,200,,,,,,
其他,书籍,《花果子念报》,1,书,200,,,,,,
其他,书籍,《寺子屋识字书》,1,书,150,,,,,,
其他,书籍,《河童机械论-初级》,1,书,600,,,,,,
其他,书籍,《幻想乡缘起》,1,书,400,,,,,,
其他,书籍,《妖怪的小说》,1,书,250,,,,,,
其他,书籍,《东方求问口授》,1,书,450,,,,,,
其他,书籍,《东方文花帖》,1,书,350,,,,,,
其他,书籍,《东方文果真报》,1,书,300,,,,,,
其他,人里冷饮,老冰棍,5,零食,120,,,,,,
其他,人里冷饮,凉茶,5,零食,150,,,,,,
其他,人里冷饮,酸奶雪糕,5,零食,180,,,,,,
其他,河童冷饮,冰冻黄瓜,5,零食,150,,,,,,
其他,河童冷饮,水果雪糕,5,零食,150,,,,,,
其他,河童冷饮,氮气冰淇淋球,5,零食,200,,,,,,
其他,月都冷饮,普通的冰淇淋,5,零食,120,,,,,,
其他,月都冷饮,高级而且花哨的冰淇淋,5,"零食,高档食品",250,,,,,,
其他,人里热食,无肉关东煮,5,食品,200,,,,,,
其他,人里热食,秋姐妹烤红薯,5,食品,200,,,,,,
其他,人里热食,七十四小时长熬羊肉汤,5,食品,400,,,,,,
其他,人里热食,烤竹笋,5,食品,150,,,,,,
其他,人里热食,无盐汤,5,食品,180,,,,,,
其他,魔法森林热食,百发百中蘑菇汤,5,食品,500,,,,,,
其他,魔法森林热食,不可名状的混沌黑汤,5,食品,400,,,,,,
其他,红魔馆热食,豪华火鸡大餐,5,"食品,高档食品",1000,,,,,,
